Season,Round,Team A,Team B,Team A SRS,Team B SRS,Team A ORtg,Team B ORtg,Team A DRtg,Team B DRtg,Winner,Team A Age,Team B Age,Team A W,Team B W,Team A L,Team B L,Team A PW,Team B PW,Team A PL,Team B PL,Team A MOV,Team B MOV,Team A SOS,Team B SOS,Team A NRtg,Team B NRtg,Team A Pace,Team B Pace,Team A FTr,Team B FTr,Team A 3PAr,Team B 3PAr,Team A TS%,Team B TS%
2010,First Round,Cleveland Cavaliers,Chicago Bulls,6.17,-1.64,111.2,103.5,104.1,105.3,Cleveland Cavaliers,28.0,26.2,61,41,21,41,59,36,23,46,6.52,-1.63,-0.36,0.0,7.1,-1.8,91.4,93.1,0.341,0.287,0.248,0.156,0.57,0.52
2010,First Round,Orlando Magic,Charlotte Bobcats,7.12,1.3,111.4,104.4,103.3,102.8,Orlando Magic,27.9,27.4,59,44,23,38,61,45,21,37,7.49,1.46,-0.37,-0.17,8.1,1.6,92.0,90.4,0.34,0.346,0.35,0.211,0.573,0.538
2010,First Round,Atlanta Hawks,Milwaukee Bucks,4.44,1.37,111.9,104.9,106.7,103.1,Atlanta Hawks,26.5,26.4,53,46,29,36,54,46,28,36,4.66,1.7,-0.22,-0.32,5.2,1.8,90.1,91.7,0.281,0.239,0.214,0.259,0.545,0.518
2010,First Round,Boston Celtics,Miami Heat,3.37,1.99,107.7,106.6,103.8,104.1,Boston Celtics,29.4,27.1,50,47,32,35,52,48,30,34,3.66,2.28,-0.29,-0.29,3.9,2.5,91.6,89.6,0.332,0.296,0.228,0.219,0.564,0.537
2010,First Round,Los Angeles Lakers,Oklahoma City Thunder,4.78,3.55,108.8,108.3,103.7,104.6,Los Angeles Lakers,28.4,23.2,57,50,25,32,54,51,28,31,4.72,3.49,0.06,0.06,5.1,3.7,92.8,93.1,0.289,0.333,0.227,0.185,0.538,0.547
2010,First Round,Dallas Mavericks,San Antonio Spurs,2.66,5.07,109.2,110.0,106.3,104.5,San Antonio Spurs,30.7,28.7,55,50,27,32,49,55,33,27,2.72,5.09,-0.06,-0.02,2.9,5.5,92.5,91.7,0.277,0.296,0.222,0.232,0.552,0.552
2010,First Round,Phoenix Suns,Portland Trail Blazers,4.67,3.18,115.3,110.8,110.2,107.1,Phoenix Suns,28.5,26.6,54,50,28,32,54,51,28,31,4.9,3.3,-0.23,-0.13,5.1,3.7,95.3,87.7,0.312,0.315,0.261,0.215,0.585,0.547
2010,First Round,Denver Nuggets,Utah Jazz,4.15,5.33,111.8,110.7,107.5,105.0,Utah Jazz,27.7,25.6,53,53,29,29,52,55,30,27,4.09,5.34,0.06,-0.01,4.3,5.7,94.8,93.8,0.376,0.34,0.227,0.184,0.561,0.565
2010,Conference Semifinals,Cleveland Cavaliers,Boston Celtics,6.17,3.37,111.2,107.7,104.1,103.8,Boston Celtics,28.0,29.4,61,50,21,32,59,52,23,30,6.52,3.66,-0.36,-0.29,7.1,3.9,91.4,91.6,0.341,0.332,0.248,0.228,0.57,0.564
2010,Conference Semifinals,Orlando Magic,Atlanta Hawks,7.12,4.44,111.4,111.9,103.3,106.7,Orlando Magic,27.9,26.5,59,53,23,29,61,54,21,28,7.49,4.66,-0.37,-0.22,8.1,5.2,92.0,90.1,0.34,0.281,0.35,0.214,0.573,0.545
2010,Conference Semifinals,Los Angeles Lakers,Utah Jazz,4.78,5.33,108.8,110.7,103.7,105.0,Los Angeles Lakers,28.4,25.6,57,53,25,29,54,55,28,27,4.72,5.34,0.06,-0.01,5.1,5.7,92.8,93.8,0.289,0.34,0.227,0.184,0.538,0.565
2010,Conference Semifinals,Phoenix Suns,San Antonio Spurs,4.67,5.07,115.3,110.0,110.2,104.5,Phoenix Suns,28.5,28.7,54,50,28,32,54,55,28,27,4.9,5.09,-0.23,-0.02,5.1,5.5,95.3,91.7,0.312,0.296,0.261,0.232,0.585,0.552
2010,Conference Finals,Orlando Magic,Boston Celtics,7.12,3.37,111.4,107.7,103.3,103.8,Boston Celtics,27.9,29.4,59,50,23,32,61,52,21,30,7.49,3.66,-0.37,-0.29,8.1,3.9,92.0,91.6,0.34,0.332,0.35,0.228,0.573,0.564
2010,Conference Finals,Los Angeles Lakers,Phoenix Suns,4.78,4.67,108.8,115.3,103.7,110.2,Los Angeles Lakers,28.4,28.5,57,54,25,28,54,54,28,28,4.72,4.9,0.06,-0.23,5.1,5.1,92.8,95.3,0.289,0.312,0.227,0.261,0.538,0.585
2010,NBA Finals,Los Angeles Lakers,Boston Celtics,4.78,3.37,108.8,107.7,103.7,103.8,Los Angeles Lakers,28.4,29.4,57,50,25,32,54,52,28,30,4.72,3.66,0.06,-0.29,5.1,3.9,92.8,91.6,0.289,0.332,0.227,0.228,0.538,0.564
2011,First Round,Atlanta Hawks,Orlando Magic,-1.1,4.92,106.1,107.9,107.0,102.0,Atlanta Hawks,27.4,27.6,44,52,38,30,39,56,43,26,-0.82,5.46,-0.28,-0.54,-0.9,5.9,89.3,91.2,0.269,0.328,0.222,0.328,0.542,0.554
2011,First Round,Boston Celtics,New York Knicks,4.83,0.48,106.2,110.9,100.3,110.1,Boston Celtics,29.5,25.3,56,42,26,40,57,43,25,39,5.37,0.78,-0.54,-0.3,5.9,0.8,90.4,95.6,0.305,0.304,0.18,0.303,0.561,0.561
2011,First Round,Chicago Bulls,Indiana Pacers,6.53,-1.38,108.3,104.8,100.3,106.0,Chicago Bulls,26.4,25.9,62,37,20,45,61,38,21,44,7.32,-1.07,-0.79,-0.3,8.0,-1.2,90.4,94.7,0.305,0.3,0.215,0.244,0.541,0.533
2011,First Round,Miami Heat,Philadelphia 76ers,6.76,1.01,111.7,106.6,103.5,105.0,Miami Heat,29.0,24.7,58,41,24,41,61,45,21,37,7.46,1.5,-0.71,-0.5,8.2,1.6,90.9,91.7,0.363,0.273,0.235,0.184,0.573,0.535
2011,First Round,Dallas Mavericks,Portland Trail Blazers,4.41,1.85,109.7,108.8,105.0,107.1,Dallas Mavericks,30.9,26.7,57,48,25,34,53,46,29,36,4.23,1.52,0.18,0.32,4.7,1.7,91.3,87.9,0.286,0.278,0.274,0.228,0.565,0.533
2011,First Round,Los Angeles Lakers,New Orleans Hornets,6.01,1.28,111.0,106.2,104.3,105.2,Los Angeles Lakers,30.2,26.3,57,46,25,36,58,44,24,38,6.11,0.89,-0.1,0.39,6.7,1.0,90.7,88.7,0.293,0.296,0.22,0.192,0.545,0.537
2011,First Round,Memphis Grizzlies,San Antonio Spurs,2.55,5.86,107.6,111.8,105.1,105.6,Memphis Grizzlies,25.2,28.8,46,61,36,21,48,56,34,26,2.34,5.71,0.2,0.16,2.5,6.2,91.9,92.3,0.291,0.299,0.136,0.261,0.534,0.567
2011,First Round,Oklahoma City Thunder,Denver Nuggets,3.81,4.81,111.2,112.3,107.2,107.3,Oklahoma City Thunder,23.7,27.3,55,50,27,32,51,54,31,28,3.79,4.76,0.02,0.05,4.0,5.0,92.7,95.6,0.363,0.367,0.212,0.258,0.561,0.574
2011,Conference Semifinals,Chicago Bulls,Atlanta Hawks,6.53,-1.1,108.3,106.1,100.3,107.0,Chicago Bulls,26.4,27.4,62,44,20,38,61,39,21,43,7.32,-0.82,-0.79,-0.28,8.0,-0.9,90.4,89.3,0.305,0.269,0.215,0.222,0.541,0.542
2011,Conference Semifinals,Miami Heat,Boston Celtics,6.76,4.83,111.7,106.2,103.5,100.3,Miami Heat,29.0,29.5,58,56,24,26,61,57,21,25,7.46,5.37,-0.71,-0.54,8.2,5.9,90.9,90.4,0.363,0.305,0.235,0.18,0.573,0.561
2011,Conference Semifinals,Dallas Mavericks,Los Angeles Lakers,4.41,6.01,109.7,111.0,105.0,104.3,Dallas Mavericks,30.9,30.2,57,57,25,25,53,58,29,24,4.23,6.11,0.18,-0.1,4.7,6.7,91.3,90.7,0.286,0.293,0.274,0.22,0.565,0.545
2011,Conference Semifinals,Oklahoma City Thunder,Memphis Grizzlies,3.81,2.55,111.2,107.6,107.2,105.1,Oklahoma City Thunder,23.7,25.2,55,46,27,36,51,48,31,34,3.79,2.34,0.02,0.2,4.0,2.5,92.7,91.9,0.363,0.291,0.212,0.136,0.561,0.534
2011,Conference Finals,Miami Heat,Chicago Bulls,6.76,6.53,111.7,108.3,103.5,100.3,Miami Heat,29.0,26.4,58,62,24,20,61,61,21,21,7.46,7.32,-0.71,-0.79,8.2,8.0,90.9,90.4,0.363,0.305,0.235,0.215,0.573,0.541
2011,Conference Finals,Dallas Mavericks,Oklahoma City Thunder,4.41,3.81,109.7,111.2,105.0,107.2,Dallas Mavericks,30.9,23.7,57,55,25,27,53,51,29,31,4.23,3.79,0.18,0.02,4.7,4.0,91.3,92.7,0.286,0.363,0.274,0.212,0.565,0.561
2011,NBA Finals,Dallas Mavericks,Miami Heat,4.41,6.76,109.7,111.7,105.0,103.5,Dallas Mavericks,30.9,29.0,57,58,25,24,53,61,29,21,4.23,7.46,0.18,-0.71,4.7,8.2,91.3,90.9,0.286,0.363,0.274,0.235,0.565,0.573
2012,First Round,Boston Celtics,Atlanta Hawks,2.26,2.67,101.0,104.9,98.2,101.2,Boston Celtics,29.3,27.9,39,40,27,26,39,41,27,25,2.52,3.44,-0.26,-0.77,2.8,3.7,90.4,90.2,0.257,0.259,0.194,0.249,0.535,0.535
2012,First Round,Indiana Pacers,Orlando Magic,2.6,0.46,106.7,105.0,103.1,104.1,Indiana Pacers,26.3,27.5,42,37,24,29,41,35,25,31,3.3,0.79,-0.71,-0.33,3.6,0.9,90.7,89.0,0.321,0.292,0.198,0.346,0.526,0.533
2012,First Round,Miami Heat,New York Knicks,5.72,2.39,106.6,104.4,100.2,101.0,Miami Heat,28.3,26.3,46,36,20,30,47,41,19,25,5.98,3.2,-0.27,-0.81,6.4,3.4,91.2,93.2,0.307,0.306,0.198,0.288,0.549,0.533
2012,First Round,Philadelphia 76ers,Chicago Bulls,3.59,7.43,103.9,107.4,99.2,98.3,Philadelphia 76ers,24.9,27.1,35,50,31,16,43,51,23,15,4.24,8.18,-0.65,-0.76,4.7,9.1,89.7,89.1,0.217,0.255,0.175,0.205,0.511,0.523
2012,First Round,Los Angeles Clippers,Memphis Grizzlies,2.82,2.43,108.5,104.0,105.7,101.8,Los Angeles Clippers,27.3,25.6,40,41,26,25,39,38,27,28,2.56,2.02,0.26,0.42,2.8,2.2,89.2,90.8,0.287,0.277,0.269,0.157,0.533,0.515
2012,First Round,Los Angeles Lakers,Denver Nuggets,1.96,3.16,106.0,109.2,104.4,106.2,Los Angeles Lakers,29.7,26.6,41,38,25,28,36,39,30,27,1.42,2.88,0.54,0.29,1.6,3.0,90.5,94.2,0.299,0.326,0.209,0.243,0.534,0.556
2012,First Round,Oklahoma City Thunder,Dallas Mavericks,6.44,1.78,109.8,103.3,103.2,102.3,Oklahoma City Thunder,25.1,31.3,47,36,19,30,46,35,20,31,6.12,0.95,0.32,0.83,6.6,1.0,93.0,91.4,0.334,0.246,0.252,0.271,0.567,0.527
2012,First Round,San Antonio Spurs,Utah Jazz,7.28,0.92,110.9,106.8,103.2,106.1,San Antonio Spurs,27.5,25.6,50,36,16,30,48,34,18,32,7.17,0.62,0.11,0.3,7.7,0.7,92.9,91.4,0.261,0.302,0.257,0.153,0.562,0.525
2012,Conference Semifinals,Boston Celtics,Philadelphia 76ers,2.26,3.59,101.0,103.9,98.2,99.2,Boston Celtics,29.3,24.9,39,35,27,31,39,43,27,23,2.52,4.24,-0.26,-0.65,2.8,4.7,90.4,89.7,0.257,0.217,0.194,0.175,0.535,0.511
2012,Conference Semifinals,Miami Heat,Indiana Pacers,5.72,2.6,106.6,106.7,100.2,103.1,Miami Heat,28.3,26.3,46,42,20,24,47,41,19,25,5.98,3.3,-0.27,-0.71,6.4,3.6,91.2,90.7,0.307,0.321,0.198,0.198,0.549,0.526
2012,Conference Semifinals,Oklahoma City Thunder,Los Angeles Lakers,6.44,1.96,109.8,106.0,103.2,104.4,Oklahoma City Thunder,25.1,29.7,47,41,19,25,46,36,20,30,6.12,1.42,0.32,0.54,6.6,1.6,93.0,90.5,0.334,0.299,0.252,0.209,0.567,0.534
2012,Conference Semifinals,San Antonio Spurs,Los Angeles Clippers,7.28,2.82,110.9,108.5,103.2,105.7,San Antonio Spurs,27.5,27.3,50,40,16,26,48,39,18,27,7.17,2.56,0.11,0.26,7.7,2.8,92.9,89.2,0.261,0.287,0.257,0.269,0.562,0.533
2012,Conference Finals,Miami Heat,Boston Celtics,5.72,2.26,106.6,101.0,100.2,98.2,Miami Heat,28.3,29.3,46,39,20,27,47,39,19,27,5.98,2.52,-0.27,-0.26,6.4,2.8,91.2,90.4,0.307,0.257,0.198,0.194,0.549,0.535
2012,Conference Finals,Oklahoma City Thunder,San Antonio Spurs,6.44,7.28,109.8,110.9,103.2,103.2,Oklahoma City Thunder,25.1,27.5,47,50,19,16,46,48,20,18,6.12,7.17,0.32,0.11,6.6,7.7,93.0,92.9,0.334,0.261,0.252,0.257,0.567,0.562
2012,NBA Finals,Miami Heat,Oklahoma City Thunder,5.72,6.44,106.6,109.8,100.2,103.2,Miami Heat,28.3,25.1,46,47,20,19,47,46,19,20,5.98,6.12,-0.27,0.32,6.4,6.6,91.2,93.0,0.307,0.334,0.198,0.252,0.549,0.567
2013,First Round,Chicago Bulls,Brooklyn Nets,-0.02,1.25,103.5,108.2,103.2,106.2,Chicago Bulls,28.0,28.6,45,49,37,33,42,46,40,36,0.32,1.78,-0.33,-0.53,0.3,2.0,89.3,88.8,0.259,0.299,0.189,0.269,0.512,0.536
2013,First Round,Indiana Pacers,Atlanta Hawks,3.34,-0.08,104.3,104.8,99.8,104.4,Indiana Pacers,25.7,27.1,49,44,32,38,52,42,29,40,4.02,0.4,-0.69,-0.48,4.5,0.4,90.2,92.6,0.293,0.244,0.245,0.286,0.521,0.546
2013,First Round,Miami Heat,Milwaukee Bucks,7.03,-1.83,112.3,103.6,103.7,105.2,Miami Heat,30.3,26.4,66,38,16,44,62,37,20,45,7.87,-1.5,-0.84,-0.33,8.6,-1.6,90.7,94.7,0.297,0.236,0.285,0.232,0.588,0.51
2013,First Round,New York Knicks,Boston Celtics,3.73,-0.62,111.1,103.1,106.3,103.3,New York Knicks,30.2,29.1,54,41,28,40,53,40,29,41,4.23,-0.22,-0.5,-0.4,4.8,-0.2,89.8,91.7,0.258,0.263,0.354,0.215,0.55,0.542
2013,First Round,Golden State Warriors,Denver Nuggets,1.32,5.37,106.4,110.4,105.5,105.1,Golden State Warriors,25.3,26.1,47,57,35,25,44,55,38,27,0.89,5.09,0.42,0.28,0.9,5.3,94.5,95.1,0.255,0.308,0.239,0.217,0.545,0.549
2013,First Round,Memphis Grizzlies,Los Angeles Clippers,4.32,6.43,104.9,110.6,100.3,103.6,Memphis Grizzlies,27.0,28.8,56,56,26,26,54,59,28,23,4.15,6.45,0.18,-0.02,4.6,7.0,88.4,91.1,0.261,0.286,0.166,0.265,0.514,0.557
2013,First Round,Oklahoma City Thunder,Houston Rockets,9.15,3.69,112.4,109.7,102.6,106.1,Oklahoma City Thunder,26.0,24.4,60,45,22,37,64,50,18,32,9.21,3.48,-0.06,0.22,9.8,3.6,93.3,96.1,0.338,0.308,0.244,0.349,0.58,0.564
2013,First Round,San Antonio Spurs,Los Angeles Lakers,6.67,1.48,108.3,107.8,101.6,106.6,San Antonio Spurs,28.6,30.7,58,45,24,37,58,44,24,38,6.4,1.16,0.27,0.32,6.7,1.2,94.2,94.4,0.258,0.345,0.264,0.303,0.568,0.548
2013,Conference Semifinals,Indiana Pacers,New York Knicks,3.34,3.73,104.3,111.1,99.8,106.3,Indiana Pacers,25.7,30.2,49,54,32,28,52,53,29,29,4.02,4.23,-0.69,-0.5,4.5,4.8,90.2,89.8,0.293,0.258,0.245,0.354,0.521,0.55
2013,Conference Semifinals,Miami Heat,Chicago Bulls,7.03,-0.02,112.3,103.5,103.7,103.2,Miami Heat,30.3,28.0,66,45,16,37,62,42,20,40,7.87,0.32,-0.84,-0.33,8.6,0.3,90.7,89.3,0.297,0.259,0.285,0.189,0.588,0.512
2013,Conference Semifinals,Memphis Grizzlies,Oklahoma City Thunder,4.32,9.15,104.9,112.4,100.3,102.6,Memphis Grizzlies,27.0,26.0,56,60,26,22,54,64,28,18,4.15,9.21,0.18,-0.06,4.6,9.8,88.4,93.3,0.261,0.338,0.166,0.244,0.514,0.58
2013,Conference Semifinals,San Antonio Spurs,Golden State Warriors,6.67,1.32,108.3,106.4,101.6,105.5,San Antonio Spurs,28.6,25.3,58,47,24,35,58,44,24,38,6.4,0.89,0.27,0.42,6.7,0.9,94.2,94.5,0.258,0.255,0.264,0.239,0.568,0.545
2013,Conference Finals,Miami Heat,Indiana Pacers,7.03,3.34,112.3,104.3,103.7,99.8,Miami Heat,30.3,25.7,66,49,16,32,62,52,20,29,7.87,4.02,-0.84,-0.69,8.6,4.5,90.7,90.2,0.297,0.293,0.285,0.245,0.588,0.521
2013,Conference Finals,San Antonio Spurs,Memphis Grizzlies,6.67,4.32,108.3,104.9,101.6,100.3,San Antonio Spurs,28.6,27.0,58,56,24,26,58,54,24,28,6.4,4.15,0.27,0.18,6.7,4.6,94.2,88.4,0.258,0.261,0.264,0.166,0.568,0.514
2013,NBA Finals,Miami Heat,San Antonio Spurs,7.03,6.67,112.3,108.3,103.7,101.6,Miami Heat,30.3,28.6,66,58,16,24,62,58,20,24,7.87,6.4,-0.84,0.27,8.6,6.7,90.7,94.2,0.297,0.258,0.285,0.264,0.588,0.568
2014,First Round,Brooklyn Nets,Toronto Raptors,-1.58,2.55,106.7,108.8,107.7,105.3,Brooklyn Nets,30.0,25.6,44,48,38,34,38,50,44,32,-1.0,3.24,-0.58,-0.69,-1.0,3.5,91.4,91.8,0.313,0.306,0.301,0.285,0.555,0.545
2014,First Round,Indiana Pacers,Atlanta Hawks,3.63,-0.88,104.1,105.9,99.3,106.4,Indiana Pacers,27.2,27.5,56,38,26,44,54,40,28,42,4.4,-0.48,-0.77,-0.4,4.8,-0.5,92.5,94.6,0.29,0.266,0.235,0.316,0.535,0.554
2014,First Round,Miami Heat,Charlotte Bobcats,4.15,-0.89,110.9,103.6,105.8,103.8,Miami Heat,30.6,25.5,54,43,28,39,54,40,28,42,4.76,-0.22,-0.61,-0.67,5.1,-0.2,91.2,92.4,0.3,0.297,0.292,0.219,0.59,0.522
2014,First Round,Washington Wizards,Chicago Bulls,0.48,1.2,106.0,102.5,104.6,100.5,Washington Wizards,26.3,28.6,44,48,38,34,45,47,37,35,1.27,1.85,-0.79,-0.66,1.4,2.0,93.2,90.2,0.248,0.29,0.246,0.222,0.538,0.518
2014,First Round,Los Angeles Clippers,Golden State Warriors,7.27,5.15,112.1,107.5,104.8,102.6,Los Angeles Clippers,28.1,26.3,57,51,25,31,59,54,23,28,6.98,4.8,0.3,0.34,7.3,4.9,95.9,96.2,0.353,0.247,0.291,0.291,0.567,0.55
2014,First Round,Oklahoma City Thunder,Memphis Grizzlies,6.66,2.18,110.5,106.3,103.9,104.6,Oklahoma City Thunder,26.2,28.5,59,50,23,32,58,46,24,36,6.34,1.57,0.32,0.61,6.6,1.7,95.4,89.9,0.303,0.248,0.271,0.171,0.566,0.529
2014,First Round,Portland Trail Blazers,Houston Rockets,4.44,5.06,111.5,111.0,107.4,106.3,Portland Trail Blazers,25.8,25.4,54,54,28,28,52,53,30,29,3.99,4.56,0.45,0.5,4.1,4.7,94.9,96.3,0.27,0.386,0.29,0.33,0.548,0.571
2014,First Round,San Antonio Spurs,Dallas Mavericks,8.0,2.91,110.5,111.2,102.4,108.7,San Antonio Spurs,28.9,30.6,62,49,20,33,61,48,21,34,7.72,2.4,0.28,0.5,8.1,2.5,95.0,93.5,0.24,0.253,0.257,0.274,0.571,0.564
2014,Conference Semifinals,Indiana Pacers,Washington Wizards,3.63,0.48,104.1,106.0,99.3,104.6,Indiana Pacers,27.2,26.3,56,44,26,38,54,45,28,37,4.4,1.27,-0.77,-0.79,4.8,1.4,92.5,93.2,0.29,0.248,0.235,0.246,0.535,0.538
2014,Conference Semifinals,Miami Heat,Brooklyn Nets,4.15,-1.58,110.9,106.7,105.8,107.7,Miami Heat,30.6,30.0,54,44,28,38,54,38,28,44,4.76,-1.0,-0.61,-0.58,5.1,-1.0,91.2,91.4,0.3,0.313,0.292,0.301,0.59,0.555
2014,Conference Semifinals,Oklahoma City Thunder,Los Angeles Clippers,6.66,7.27,110.5,112.1,103.9,104.8,Oklahoma City Thunder,26.2,28.1,59,57,23,25,58,59,24,23,6.34,6.98,0.32,0.3,6.6,7.3,95.4,95.9,0.303,0.353,0.271,0.291,0.566,0.567
2014,Conference Semifinals,San Antonio Spurs,Portland Trail Blazers,8.0,4.44,110.5,111.5,102.4,107.4,San Antonio Spurs,28.9,25.8,62,54,20,28,61,52,21,30,7.72,3.99,0.28,0.45,8.1,4.1,95.0,94.9,0.24,0.27,0.257,0.29,0.571,0.548
2014,Conference Finals,Miami Heat,Indiana Pacers,4.15,3.63,110.9,104.1,105.8,99.3,Miami Heat,30.6,27.2,54,56,28,26,54,54,28,28,4.76,4.4,-0.61,-0.77,5.1,4.8,91.2,92.5,0.3,0.29,0.292,0.235,0.59,0.535
2014,Conference Finals,San Antonio Spurs,Oklahoma City Thunder,8.0,6.66,110.5,110.5,102.4,103.9,San Antonio Spurs,28.9,26.2,62,59,20,23,61,58,21,24,7.72,6.34,0.28,0.32,8.1,6.6,95.0,95.4,0.24,0.303,0.257,0.271,0.571,0.566
2014,NBA Finals,San Antonio Spurs,Miami Heat,8.0,4.15,110.5,110.9,102.4,105.8,San Antonio Spurs,28.9,30.6,62,54,20,28,61,54,21,28,7.72,4.76,0.28,-0.61,8.1,5.1,95.0,91.2,0.24,0.3,0.257,0.292,0.571,0.59
2015,First Round,Atlanta Hawks,Brooklyn Nets,4.75,-3.13,108.9,104.4,103.1,107.4,Atlanta Hawks,27.8,28.6,60,38,22,44,56,33,26,49,5.43,-2.88,-0.68,-0.25,5.8,-3.0,93.9,92.7,0.259,0.267,0.321,0.24,0.563,0.529
2015,First Round,Chicago Bulls,Milwaukee Bucks,2.54,-0.09,107.5,102.7,104.3,102.2,Chicago Bulls,28.8,24.6,50,41,32,41,50,42,32,40,3.0,0.43,-0.46,-0.52,3.2,0.5,92.8,94.1,0.304,0.258,0.269,0.223,0.536,0.536
2015,First Round,Cleveland Cavaliers,Boston Celtics,4.08,-0.4,111.1,104.7,106.3,104.5,Cleveland Cavaliers,26.9,25.0,53,40,29,42,53,41,29,41,4.48,0.16,-0.4,-0.56,4.8,0.2,92.3,95.8,0.287,0.233,0.334,0.28,0.557,0.523
2015,First Round,Washington Wizards,Toronto Raptors,0.17,2.45,103.7,111.0,103.0,107.7,Washington Wizards,28.6,26.1,46,49,36,33,43,49,39,33,0.72,3.07,-0.55,-0.62,0.7,3.3,93.7,92.8,0.259,0.295,0.203,0.302,0.534,0.553
2015,First Round,Golden State Warriors,New Orleans Pelicans,10.01,1.13,111.6,108.2,101.4,107.3,Golden State Warriors,26.6,25.3,67,45,15,37,65,43,17,39,10.1,0.79,-0.09,0.34,10.2,0.9,98.3,91.4,0.239,0.263,0.311,0.233,0.571,0.537
2015,First Round,Houston Rockets,Dallas Mavericks,3.82,3.36,107.0,109.5,103.4,106.4,Houston Rockets,27.6,29.9,56,50,26,32,50,49,32,33,3.44,2.9,0.38,0.46,3.6,3.1,96.5,95.2,0.312,0.262,0.392,0.296,0.548,0.55
2015,First Round,Los Angeles Clippers,San Antonio Spurs,6.8,6.34,112.4,108.5,105.5,102.0,Los Angeles Clippers,28.8,29.8,56,55,26,27,58,58,24,24,6.59,6.2,0.22,0.14,6.9,6.5,94.7,93.8,0.303,0.256,0.322,0.269,0.565,0.555
2015,First Round,Memphis Grizzlies,Portland Trail Blazers,3.62,4.41,105.7,108.2,102.2,103.7,Memphis Grizzlies,29.6,27.0,55,51,27,31,50,53,32,29,3.24,4.23,0.38,0.18,3.5,4.5,92.0,94.2,0.276,0.225,0.184,0.316,0.531,0.544
2015,Conference Semifinals,Atlanta Hawks,Washington Wizards,4.75,0.17,108.9,103.7,103.1,103.0,Atlanta Hawks,27.8,28.6,60,46,22,36,56,43,26,39,5.43,0.72,-0.68,-0.55,5.8,0.7,93.9,93.7,0.259,0.259,0.321,0.203,0.563,0.534
2015,Conference Semifinals,Cleveland Cavaliers,Chicago Bulls,4.08,2.54,111.1,107.5,106.3,104.3,Cleveland Cavaliers,26.9,28.8,53,50,29,32,53,50,29,32,4.48,3.0,-0.4,-0.46,4.8,3.2,92.3,92.8,0.287,0.304,0.334,0.269,0.557,0.536
2015,Conference Semifinals,Golden State Warriors,Memphis Grizzlies,10.01,3.62,111.6,105.7,101.4,102.2,Golden State Warriors,26.6,29.6,67,55,15,27,65,50,17,32,10.1,3.24,-0.09,0.38,10.2,3.5,98.3,92.0,0.239,0.276,0.311,0.184,0.571,0.531
2015,Conference Semifinals,Houston Rockets,Los Angeles Clippers,3.82,6.8,107.0,112.4,103.4,105.5,Houston Rockets,27.6,28.8,56,56,26,26,50,58,32,24,3.44,6.59,0.38,0.22,3.6,6.9,96.5,94.7,0.312,0.303,0.392,0.322,0.548,0.565
2015,Conference Finals,Cleveland Cavaliers,Atlanta Hawks,4.08,4.75,111.1,108.9,106.3,103.1,Cleveland Cavaliers,26.9,27.8,53,60,29,22,53,56,29,26,4.48,5.43,-0.4,-0.68,4.8,5.8,92.3,93.9,0.287,0.259,0.334,0.321,0.557,0.563
2015,Conference Finals,Golden State Warriors,Houston Rockets,10.01,3.82,111.6,107.0,101.4,103.4,Golden State Warriors,26.6,27.6,67,56,15,26,65,50,17,32,10.1,3.44,-0.09,0.38,10.2,3.6,98.3,96.5,0.239,0.312,0.311,0.392,0.571,0.548
2015,NBA Finals,Golden State Warriors,Cleveland Cavaliers,10.01,4.08,111.6,111.1,101.4,106.3,Golden State Warriors,26.6,26.9,67,53,15,29,65,53,17,29,10.1,4.48,-0.09,-0.4,10.2,4.8,98.3,92.3,0.239,0.287,0.311,0.334,0.571,0.557
2016,First Round,Atlanta Hawks,Boston Celtics,3.49,2.84,105.1,106.8,101.4,103.6,Atlanta Hawks,28.2,25.2,48,48,34,34,51,50,31,32,3.61,3.21,-0.12,-0.37,3.7,3.2,97.1,98.5,0.237,0.264,0.336,0.293,0.552,0.531
2016,First Round,Cleveland Cavaliers,Detroit Pistons,5.45,0.43,110.9,106.1,104.5,105.5,Cleveland Cavaliers,28.1,25.0,57,44,25,38,57,43,25,39,6.0,0.61,-0.55,-0.18,6.4,0.6,93.3,95.1,0.259,0.296,0.352,0.303,0.558,0.522
2016,First Round,Miami Heat,Charlotte Hornets,1.5,2.36,106.1,107.2,104.4,104.3,Miami Heat,28.4,26.0,48,48,34,34,46,49,36,33,1.65,2.72,-0.14,-0.36,1.7,2.9,93.6,95.6,0.282,0.28,0.221,0.348,0.545,0.545
2016,First Round,Toronto Raptors,Indiana Pacers,4.08,1.62,110.0,104.6,105.2,102.9,Toronto Raptors,26.3,26.9,56,45,26,37,53,46,29,36,4.5,1.71,-0.42,-0.09,4.8,1.7,92.9,96.6,0.328,0.268,0.287,0.27,0.552,0.536
2016,First Round,Golden State Warriors,Houston Rockets,10.38,0.34,114.5,108.3,103.8,108.1,Golden State Warriors,27.4,27.8,73,41,9,41,65,42,17,40,10.76,0.2,-0.38,0.14,10.7,0.2,99.3,97.6,0.25,0.352,0.362,0.37,0.593,0.553
2016,First Round,Oklahoma City Thunder,Dallas Mavericks,7.09,-0.02,113.1,106.7,105.6,107.0,Oklahoma City Thunder,25.8,30.3,55,42,27,40,59,40,23,42,7.28,-0.3,-0.19,0.29,7.5,-0.3,96.7,94.3,0.292,0.265,0.275,0.339,0.565,0.544
2016,First Round,Portland Trail Blazers,Los Angeles Clippers,0.98,4.13,108.8,108.3,108.0,103.8,Portland Trail Blazers,24.3,29.7,44,53,38,29,43,53,39,29,0.83,4.28,0.15,-0.15,0.8,4.5,96.0,95.8,0.268,0.318,0.332,0.324,0.548,0.556
2016,First Round,San Antonio Spurs,Memphis Grizzlies,10.28,-2.14,110.3,105.4,99.0,107.8,San Antonio Spurs,30.3,30.5,67,42,15,40,67,35,15,47,10.63,-2.24,-0.36,0.11,11.3,-2.4,93.8,93.3,0.246,0.295,0.223,0.222,0.564,0.524
2016,Conference Semifinals,Cleveland Cavaliers,Atlanta Hawks,5.45,3.49,110.9,105.1,104.5,101.4,Cleveland Cavaliers,28.1,28.2,57,48,25,34,57,51,25,31,6.0,3.61,-0.55,-0.12,6.4,3.7,93.3,97.1,0.259,0.237,0.352,0.336,0.558,0.552
2016,Conference Semifinals,Toronto Raptors,Miami Heat,4.08,1.5,110.0,106.1,105.2,104.4,Toronto Raptors,26.3,28.4,56,48,26,34,53,46,29,36,4.5,1.65,-0.42,-0.14,4.8,1.7,92.9,93.6,0.328,0.282,0.287,0.221,0.552,0.545
2016,Conference Semifinals,Golden State Warriors,Portland Trail Blazers,10.38,0.98,114.5,108.8,103.8,108.0,Golden State Warriors,27.4,24.3,73,44,9,38,65,43,17,39,10.76,0.83,-0.38,0.15,10.7,0.8,99.3,96.0,0.25,0.268,0.362,0.332,0.593,0.548
2016,Conference Semifinals,Oklahoma City Thunder,San Antonio Spurs,7.09,10.28,113.1,110.3,105.6,99.0,Oklahoma City Thunder,25.8,30.3,55,67,27,15,59,67,23,15,7.28,10.63,-0.19,-0.36,7.5,11.3,96.7,93.8,0.292,0.246,0.275,0.223,0.565,0.564
2016,Conference Finals,Cleveland Cavaliers,Toronto Raptors,5.45,4.08,110.9,110.0,104.5,105.2,Cleveland Cavaliers,28.1,26.3,57,56,25,26,57,53,25,29,6.0,4.5,-0.55,-0.42,6.4,4.8,93.3,92.9,0.259,0.328,0.352,0.287,0.558,0.552
2016,Conference Finals,Golden State Warriors,Oklahoma City Thunder,10.38,7.09,114.5,113.1,103.8,105.6,Golden State Warriors,27.4,25.8,73,55,9,27,65,59,17,23,10.76,7.28,-0.38,-0.19,10.7,7.5,99.3,96.7,0.25,0.292,0.362,0.275,0.593,0.565
2016,NBA Finals,Cleveland Cavaliers,Golden State Warriors,5.45,10.38,110.9,114.5,104.5,103.8,Cleveland Cavaliers,28.1,27.4,57,73,25,9,57,65,25,17,6.0,10.76,-0.55,-0.38,6.4,10.7,93.3,99.3,0.259,0.25,0.352,0.362,0.558,0.593
2017,First Round,Boston Celtics,Chicago Bulls,2.25,0.03,111.2,107.4,108.4,107.0,Boston Celtics,25.9,26.9,53,41,29,41,48,42,34,40,2.63,0.43,-0.39,-0.39,2.8,0.4,96.8,95.3,0.273,0.259,0.393,0.256,0.567,0.53
2017,First Round,Cleveland Cavaliers,Indiana Pacers,2.87,-0.64,113.6,108.6,110.3,108.8,Cleveland Cavaliers,29.2,27.0,51,42,31,40,49,40,33,42,3.18,-0.22,-0.31,-0.42,3.3,-0.2,96.2,95.9,0.275,0.261,0.399,0.272,0.58,0.558
2017,First Round,Toronto Raptors,Milwaukee Bucks,3.65,-0.45,112.3,109.1,107.8,109.3,Toronto Raptors,26.1,25.6,51,42,31,40,52,40,30,42,4.21,-0.18,-0.56,-0.26,4.5,-0.2,94.7,94.5,0.293,0.274,0.289,0.29,0.561,0.565
2017,First Round,Washington Wizards,Atlanta Hawks,1.36,-1.23,111.2,104.9,109.3,105.7,Washington Wizards,26.0,27.9,49,43,33,39,46,39,36,43,1.8,-0.85,-0.45,-0.38,1.9,-0.8,97.4,97.4,0.254,0.295,0.284,0.309,0.564,0.541
2017,First Round,Golden State Warriors,Portland Trail Blazers,11.35,-0.23,115.6,110.3,104.0,110.8,Golden State Warriors,28.2,24.8,67,41,15,41,67,40,15,42,11.63,-0.52,-0.28,0.3,11.6,-0.5,99.8,96.7,0.259,0.275,0.359,0.322,0.597,0.559
2017,First Round,Houston Rockets,Oklahoma City Thunder,5.84,1.14,114.7,108.3,109.0,107.5,Houston Rockets,27.4,24.7,55,47,27,35,55,43,27,39,5.77,0.76,0.08,0.39,5.7,0.8,100.0,97.8,0.304,0.295,0.462,0.295,0.583,0.54
2017,First Round,San Antonio Spurs,Memphis Grizzlies,7.13,0.96,111.1,107.7,103.5,107.1,San Antonio Spurs,29.6,29.5,61,43,21,39,60,42,22,40,7.2,0.49,-0.06,0.47,7.6,0.6,94.2,92.3,0.263,0.28,0.281,0.316,0.564,0.535
2017,First Round,Utah Jazz,Los Angeles Clippers,4.0,4.42,109.6,112.7,105.3,108.2,Utah Jazz,26.8,30.0,51,51,31,31,52,52,30,30,3.94,4.29,0.06,0.13,4.3,4.5,91.6,96.1,0.288,0.312,0.327,0.329,0.563,0.574
2017,Conference Semifinals,Boston Celtics,Washington Wizards,2.25,1.36,111.2,111.2,108.4,109.3,Boston Celtics,25.9,26.0,53,49,29,33,48,46,34,36,2.63,1.8,-0.39,-0.45,2.8,1.9,96.8,97.4,0.273,0.254,0.393,0.284,0.567,0.564
2017,Conference Semifinals,Cleveland Cavaliers,Toronto Raptors,2.87,3.65,113.6,112.3,110.3,107.8,Cleveland Cavaliers,29.2,26.1,51,51,31,31,49,52,33,30,3.18,4.21,-0.31,-0.56,3.3,4.5,96.2,94.7,0.275,0.293,0.399,0.289,0.58,0.561
2017,Conference Semifinals,Golden State Warriors,Utah Jazz,11.35,4.0,115.6,109.6,104.0,105.3,Golden State Warriors,28.2,26.8,67,51,15,31,67,52,15,30,11.63,3.94,-0.28,0.06,11.6,4.3,99.8,91.6,0.259,0.288,0.359,0.327,0.597,0.563
2017,Conference Semifinals,San Antonio Spurs,Houston Rockets,7.13,5.84,111.1,114.7,103.5,109.0,San Antonio Spurs,29.6,27.4,61,55,21,27,60,55,22,27,7.2,5.77,-0.06,0.08,7.6,5.7,94.2,100.0,0.263,0.304,0.281,0.462,0.564,0.583
2017,Conference Finals,Cleveland Cavaliers,Boston Celtics,2.87,2.25,113.6,111.2,110.3,108.4,Cleveland Cavaliers,29.2,25.9,51,53,31,29,49,48,33,34,3.18,2.63,-0.31,-0.39,3.3,2.8,96.2,96.8,0.275,0.273,0.399,0.393,0.58,0.567
2017,Conference Finals,Golden State Warriors,San Antonio Spurs,11.35,7.13,115.6,111.1,104.0,103.5,Golden State Warriors,28.2,29.6,67,61,15,21,67,60,15,22,11.63,7.2,-0.28,-0.06,11.6,7.6,99.8,94.2,0.259,0.263,0.359,0.281,0.597,0.564
2017,NBA Finals,Golden State Warriors,Cleveland Cavaliers,11.35,2.87,115.6,113.6,104.0,110.3,Golden State Warriors,28.2,29.2,67,51,15,31,67,49,15,33,11.63,3.18,-0.28,-0.31,11.6,3.3,99.8,96.2,0.259,0.275,0.359,0.399,0.597,0.58
2018,First Round,Boston Celtics,Milwaukee Bucks,3.23,-0.45,107.6,109.8,103.9,110.1,Boston Celtics,24.7,25.9,55,44,27,38,51,40,31,42,3.59,-0.3,-0.35,-0.15,3.7,-0.3,96.0,96.3,0.243,0.281,0.357,0.297,0.552,0.571
2018,First Round,Cleveland Cavaliers,Indiana Pacers,0.59,1.18,112.9,109.5,111.9,108.1,Cleveland Cavaliers,30.6,26.2,50,48,32,34,43,45,39,37,0.94,1.38,-0.35,-0.2,1.0,1.4,98.0,96.0,0.275,0.222,0.379,0.284,0.584,0.557
2018,First Round,Philadelphia 76ers,Miami Heat,4.3,0.15,109.5,106.8,105.0,106.3,Philadelphia 76ers,25.8,26.5,52,44,30,38,53,42,29,40,4.5,0.48,-0.2,-0.33,4.5,0.5,99.8,95.6,0.263,0.229,0.344,0.358,0.568,0.551
2018,First Round,Toronto Raptors,Washington Wizards,7.29,0.53,113.8,109.3,105.9,108.7,Toronto Raptors,25.8,26.9,59,43,23,39,60,43,22,39,7.78,0.59,-0.49,-0.06,7.9,0.6,97.4,96.6,0.25,0.254,0.377,0.31,0.575,0.56
2018,First Round,Golden State Warriors,San Antonio Spurs,5.79,2.89,113.6,107.9,107.7,104.8,Golden State Warriors,28.8,29.3,58,47,24,35,56,49,26,33,5.98,2.89,-0.19,0.0,5.9,3.1,99.6,95.0,0.239,0.245,0.339,0.282,0.603,0.543
2018,First Round,Houston Rockets,Minnesota Timberwolves,8.21,2.35,114.7,113.4,106.1,111.1,Houston Rockets,29.8,27.1,65,47,17,35,61,47,21,35,8.48,2.23,-0.27,0.12,8.6,2.3,97.6,96.0,0.298,0.28,0.502,0.261,0.59,0.566
2018,First Round,New Orleans Pelicans,Portland Trail Blazers,1.48,2.6,109.6,109.1,108.3,106.4,New Orleans Pelicans,27.6,25.6,48,49,34,33,44,48,38,34,1.3,2.6,0.18,0.0,1.3,2.7,100.5,96.5,0.237,0.24,0.319,0.324,0.573,0.549
2018,First Round,Utah Jazz,Oklahoma City Thunder,4.47,3.42,108.4,110.7,103.9,107.2,Utah Jazz,26.7,27.3,48,48,34,34,53,50,29,32,4.3,3.41,0.17,0.0,4.5,3.5,95.7,96.7,0.26,0.275,0.357,0.345,0.564,0.546
2018,Conference Semifinals,Boston Celtics,Philadelphia 76ers,3.23,4.3,107.6,109.5,103.9,105.0,Boston Celtics,24.7,25.8,55,52,27,30,51,53,31,29,3.59,4.5,-0.35,-0.2,3.7,4.5,96.0,99.8,0.243,0.263,0.357,0.344,0.552,0.568
2018,Conference Semifinals,Cleveland Cavaliers,Toronto Raptors,0.59,7.29,112.9,113.8,111.9,105.9,Cleveland Cavaliers,30.6,25.8,50,59,32,23,43,60,39,22,0.94,7.78,-0.35,-0.49,1.0,7.9,98.0,97.4,0.275,0.25,0.379,0.377,0.584,0.575
2018,Conference Semifinals,Golden State Warriors,New Orleans Pelicans,5.79,1.48,113.6,109.6,107.7,108.3,Golden State Warriors,28.8,27.6,58,48,24,34,56,44,26,38,5.98,1.3,-0.19,0.18,5.9,1.3,99.6,100.5,0.239,0.237,0.339,0.319,0.603,0.573
2018,Conference Semifinals,Houston Rockets,Utah Jazz,8.21,4.47,114.7,108.4,106.1,103.9,Houston Rockets,29.8,26.7,65,48,17,34,61,53,21,29,8.48,4.3,-0.27,0.17,8.6,4.5,97.6,95.7,0.298,0.26,0.502,0.357,0.59,0.564
2018,Conference Finals,Cleveland Cavaliers,Boston Celtics,0.59,3.23,112.9,107.6,111.9,103.9,Cleveland Cavaliers,30.6,24.7,50,55,32,27,43,51,39,31,0.94,3.59,-0.35,-0.35,1.0,3.7,98.0,96.0,0.275,0.243,0.379,0.357,0.584,0.552
2018,Conference Finals,Golden State Warriors,Houston Rockets,5.79,8.21,113.6,114.7,107.7,106.1,Golden State Warriors,28.8,29.8,58,65,24,17,56,61,26,21,5.98,8.48,-0.19,-0.27,5.9,8.6,99.6,97.6,0.239,0.298,0.339,0.502,0.603,0.59
2018,NBA Finals,Golden State Warriors,Cleveland Cavaliers,5.79,0.59,113.6,112.9,107.7,111.9,Golden State Warriors,28.8,30.6,58,50,24,32,56,43,26,39,5.98,0.94,-0.19,-0.35,5.9,1.0,99.6,98.0,0.239,0.275,0.339,0.379,0.603,0.584
2019,First Round,Boston Celtics,Indiana Pacers,3.9,2.76,112.2,109.9,107.8,106.5,Boston Celtics,25.7,27.0,49,48,33,34,52,50,30,32,4.44,3.33,-0.54,-0.57,4.4,3.4,99.6,98.1,0.215,0.242,0.381,0.292,0.567,0.561
2019,First Round,Milwaukee Bucks,Detroit Pistons,8.04,-0.56,113.8,109.0,105.2,109.2,Milwaukee Bucks,26.9,26.9,60,41,22,41,61,40,21,42,8.87,-0.24,-0.82,-0.31,8.6,-0.2,103.3,97.4,0.255,0.262,0.419,0.394,0.583,0.544
2019,First Round,Philadelphia 76ers,Brooklyn Nets,2.25,-0.4,112.6,109.6,110.0,109.7,Philadelphia 76ers,26.4,25.4,51,42,31,40,48,41,34,41,2.7,-0.07,-0.44,-0.33,2.6,-0.1,101.6,100.8,0.312,0.284,0.342,0.403,0.574,0.556
2019,First Round,Toronto Raptors,Orlando Magic,5.49,0.28,113.1,108.9,107.1,108.1,Toronto Raptors,27.3,25.7,58,42,24,40,56,43,26,39,6.09,0.71,-0.6,-0.43,6.0,0.8,100.2,98.1,0.247,0.216,0.379,0.36,0.579,0.55
2019,First Round,Denver Nuggets,San Antonio Spurs,4.19,1.8,113.0,112.9,108.9,111.2,Denver Nuggets,24.9,28.8,54,48,28,34,51,45,31,37,3.95,1.68,0.24,0.12,4.1,1.7,97.7,98.3,0.232,0.237,0.348,0.286,0.558,0.572
2019,First Round,Golden State Warriors,Los Angeles Clippers,6.42,1.09,115.9,112.4,109.5,111.5,Golden State Warriors,28.4,27.2,57,48,25,34,56,43,26,39,6.46,0.85,-0.04,0.23,6.4,0.9,100.9,101.7,0.227,0.326,0.384,0.295,0.596,0.575
2019,First Round,Houston Rockets,Utah Jazz,4.96,5.28,115.5,110.9,110.7,105.7,Houston Rockets,29.2,27.3,53,50,29,32,53,54,29,28,4.77,5.26,0.19,0.03,4.8,5.2,97.9,100.3,0.279,0.295,0.519,0.394,0.581,0.572
2019,First Round,Portland Trail Blazers,Oklahoma City Thunder,4.43,3.56,114.7,110.3,110.5,107.0,Portland Trail Blazers,26.2,25.7,53,49,29,33,51,50,31,32,4.2,3.4,0.24,0.15,4.2,3.3,99.1,102.8,0.258,0.266,0.339,0.347,0.568,0.545
2019,Conference Semifinals,Milwaukee Bucks,Boston Celtics,8.04,3.9,113.8,112.2,105.2,107.8,Milwaukee Bucks,26.9,25.7,60,49,22,33,61,52,21,30,8.87,4.44,-0.82,-0.54,8.6,4.4,103.3,99.6,0.255,0.215,0.419,0.381,0.583,0.567
2019,Conference Semifinals,Toronto Raptors,Philadelphia 76ers,5.49,2.25,113.1,112.6,107.1,110.0,Toronto Raptors,27.3,26.4,58,51,24,31,56,48,26,34,6.09,2.7,-0.6,-0.44,6.0,2.6,100.2,101.6,0.247,0.312,0.379,0.342,0.579,0.574
2019,Conference Semifinals,Golden State Warriors,Houston Rockets,6.42,4.96,115.9,115.5,109.5,110.7,Golden State Warriors,28.4,29.2,57,53,25,29,56,53,26,29,6.46,4.77,-0.04,0.19,6.4,4.8,100.9,97.9,0.227,0.279,0.384,0.519,0.596,0.581
2019,Conference Semifinals,Portland Trail Blazers,Denver Nuggets,4.43,4.19,114.7,113.0,110.5,108.9,Portland Trail Blazers,26.2,24.9,53,54,29,28,51,51,31,31,4.2,3.95,0.24,0.24,4.2,4.1,99.1,97.7,0.258,0.232,0.339,0.348,0.568,0.558
2019,Conference Finals,Toronto Raptors,Milwaukee Bucks,5.49,8.04,113.1,113.8,107.1,105.2,Toronto Raptors,27.3,26.9,58,60,24,22,56,61,26,21,6.09,8.87,-0.6,-0.82,6.0,8.6,100.2,103.3,0.247,0.255,0.379,0.419,0.579,0.583
2019,Conference Finals,Golden State Warriors,Portland Trail Blazers,6.42,4.43,115.9,114.7,109.5,110.5,Golden State Warriors,28.4,26.2,57,53,25,29,56,51,26,31,6.46,4.2,-0.04,0.24,6.4,4.2,100.9,99.1,0.227,0.258,0.384,0.339,0.596,0.568
2019,NBA Finals,Toronto Raptors,Golden State Warriors,5.49,6.42,113.1,115.9,107.1,109.5,Toronto Raptors,27.3,28.4,58,57,24,25,56,56,26,26,6.09,6.46,-0.6,-0.04,6.0,6.4,100.2,100.9,0.247,0.227,0.379,0.384,0.579,0.596
2020,First Round,Boston Celtics,Philadelphia 76ers,5.83,2.25,113.3,111.3,107.0,109.0,Boston Celtics,25.3,26.3,48,43,24,30,50,42,22,31,6.31,2.38,-0.47,-0.13,6.3,2.3,99.5,99.0,0.259,0.255,0.386,0.36,0.57,0.566
2020,First Round,Miami Heat,Indiana Pacers,2.59,1.63,112.5,110.0,109.5,108.0,Miami Heat,25.9,25.6,44,45,29,28,43,41,30,32,2.95,1.96,-0.35,-0.33,3.0,2.0,98.3,98.9,0.299,0.216,0.419,0.317,0.587,0.565
2020,First Round,Milwaukee Bucks,Orlando Magic,9.41,-0.93,112.4,108.5,102.9,109.5,Milwaukee Bucks,29.2,26.1,56,33,17,40,57,34,16,39,10.08,-1.01,-0.67,0.09,9.5,-1.0,105.1,98.6,0.271,0.256,0.428,0.364,0.583,0.544
2020,First Round,Toronto Raptors,Brooklyn Nets,5.97,-1.01,111.1,108.9,105.0,109.5,Toronto Raptors,26.6,26.3,53,35,19,37,50,35,22,37,6.24,-0.57,-0.26,-0.44,6.1,-0.6,100.9,101.4,0.264,0.267,0.421,0.423,0.574,0.554
2020,First Round,Denver Nuggets,Utah Jazz,2.35,2.52,113.1,112.3,111.0,109.9,Denver Nuggets,25.6,27.3,46,44,27,28,41,42,32,30,2.11,2.47,0.24,0.05,2.1,2.4,97.1,98.6,0.235,0.268,0.344,0.414,0.567,0.585
2020,First Round,Houston Rockets,Oklahoma City Thunder,3.13,2.33,112.9,110.8,110.1,108.8,Houston Rockets,29.2,25.5,44,44,28,28,42,41,30,31,2.96,1.99,0.17,0.34,2.8,2.0,103.7,98.8,0.288,0.29,0.501,0.353,0.578,0.573
2020,First Round,Los Angeles Clippers,Dallas Mavericks,6.66,4.87,113.9,116.7,107.6,111.7,Los Angeles Clippers,27.4,26.1,49,43,23,32,50,49,22,26,6.44,4.95,0.21,-0.07,6.3,5.0,101.5,99.3,0.295,0.264,0.375,0.457,0.577,0.581
2020,First Round,Los Angeles Lakers,Portland Trail Blazers,6.28,-0.61,112.0,113.7,106.3,114.8,Los Angeles Lakers,29.5,27.5,52,35,19,39,48,34,23,40,5.79,-1.15,0.49,0.54,5.7,-1.1,100.9,100.7,0.276,0.242,0.358,0.374,0.573,0.57
2020,Conference Semifinals,Boston Celtics,Toronto Raptors,5.83,5.97,113.3,111.1,107.0,105.0,Boston Celtics,25.3,26.6,48,53,24,19,50,50,22,22,6.31,6.24,-0.47,-0.26,6.3,6.1,99.5,100.9,0.259,0.264,0.386,0.421,0.57,0.574
2020,Conference Semifinals,Miami Heat,Milwaukee Bucks,2.59,9.41,112.5,112.4,109.5,102.9,Miami Heat,25.9,29.2,44,56,29,17,43,57,30,16,2.95,10.08,-0.35,-0.67,3.0,9.5,98.3,105.1,0.299,0.271,0.419,0.428,0.587,0.583
2020,Conference Semifinals,Denver Nuggets,Los Angeles Clippers,2.35,6.66,113.1,113.9,111.0,107.6,Denver Nuggets,25.6,27.4,46,49,27,23,41,50,32,22,2.11,6.44,0.24,0.21,2.1,6.3,97.1,101.5,0.235,0.295,0.344,0.375,0.567,0.577
2020,Conference Semifinals,Los Angeles Lakers,Houston Rockets,6.28,3.13,112.0,112.9,106.3,110.1,Los Angeles Lakers,29.5,29.2,52,44,19,28,48,42,23,30,5.79,2.96,0.49,0.17,5.7,2.8,100.9,103.7,0.276,0.288,0.358,0.501,0.573,0.578
2020,Conference Finals,Miami Heat,Boston Celtics,2.59,5.83,112.5,113.3,109.5,107.0,Miami Heat,25.9,25.3,44,48,29,24,43,50,30,22,2.95,6.31,-0.35,-0.47,3.0,6.3,98.3,99.5,0.299,0.259,0.419,0.386,0.587,0.57
2020,Conference Finals,Los Angeles Lakers,Denver Nuggets,6.28,2.35,112.0,113.1,106.3,111.0,Los Angeles Lakers,29.5,25.6,52,46,19,27,48,41,23,32,5.79,2.11,0.49,0.24,5.7,2.1,100.9,97.1,0.276,0.235,0.358,0.344,0.573,0.567
2020,NBA Finals,Los Angeles Lakers,Miami Heat,6.28,2.59,112.0,112.5,106.3,109.5,Los Angeles Lakers,29.5,25.9,52,44,19,29,48,43,23,30,5.79,2.95,0.49,-0.35,5.7,3.0,100.9,98.3,0.276,0.299,0.358,0.419,0.573,0.587
2021,First Round,Atlanta Hawks,New York Knicks,2.14,2.13,115.7,110.6,113.3,108.2,Atlanta Hawks,25.4,25.6,41,41,31,31,41,41,31,31,2.32,2.31,-0.18,-0.18,2.4,2.4,97.6,95.9,0.278,0.242,0.382,0.347,0.581,0.559
2021,First Round,Brooklyn Nets,Boston Celtics,4.24,1.32,118.3,114.0,113.8,112.5,Brooklyn Nets,28.2,25.1,48,36,24,36,46,39,26,33,4.5,1.46,-0.27,-0.14,4.5,1.5,99.5,98.3,0.258,0.234,0.413,0.409,0.61,0.574
2021,First Round,Milwaukee Bucks,Miami Heat,5.57,-0.06,117.2,111.2,111.4,111.2,Milwaukee Bucks,28.1,27.4,46,40,26,32,48,36,24,36,5.89,0.03,-0.32,-0.09,5.8,0.0,102.2,96.6,0.233,0.252,0.404,0.432,0.593,0.581
2021,First Round,Philadelphia 76ers,Washington Wizards,5.28,-1.85,113.2,111.2,107.6,113.0,Philadelphia 76ers,27.1,26.6,49,34,23,38,48,32,24,40,5.58,-1.83,-0.31,-0.01,5.6,-1.8,99.5,104.1,0.293,0.288,0.347,0.319,0.579,0.569
2021,First Round,Denver Nuggets,Portland Trail Blazers,4.82,1.81,117.1,117.8,112.1,116.0,Denver Nuggets,26.1,27.4,47,42,25,30,47,40,25,32,4.93,1.79,-0.11,0.01,5.0,1.8,97.1,98.4,0.219,0.238,0.383,0.448,0.588,0.577
2021,First Round,Los Angeles Clippers,Dallas Mavericks,6.02,2.26,117.6,115.4,111.2,113.0,Los Angeles Clippers,28.8,26.3,47,42,25,30,49,41,23,31,6.18,2.26,-0.16,-0.01,6.4,2.4,96.9,97.3,0.222,0.242,0.4,0.436,0.599,0.582
2021,First Round,Phoenix Suns,Los Angeles Lakers,5.67,2.77,117.2,109.9,111.3,107.1,Phoenix Suns,26.6,28.2,51,42,21,30,49,42,23,30,5.82,2.79,-0.15,-0.03,5.9,2.8,97.2,98.7,0.212,0.271,0.392,0.363,0.597,0.569
2021,First Round,Utah Jazz,Memphis Grizzlies,8.97,1.07,117.6,112.0,108.3,111.0,Utah Jazz,28.5,24.2,52,38,20,34,55,38,17,34,9.25,1.03,-0.29,0.04,9.3,1.0,98.5,100.4,0.244,0.232,0.488,0.342,0.597,0.56
2021,Conference Semifinals,Atlanta Hawks,Philadelphia 76ers,2.14,5.28,115.7,113.2,113.3,107.6,Atlanta Hawks,25.4,27.1,41,49,31,23,41,48,31,24,2.32,5.58,-0.18,-0.31,2.4,5.6,97.6,99.5,0.278,0.293,0.382,0.347,0.581,0.579
2021,Conference Semifinals,Milwaukee Bucks,Brooklyn Nets,5.57,4.24,117.2,118.3,111.4,113.8,Milwaukee Bucks,28.1,28.2,46,48,26,24,48,46,24,26,5.89,4.5,-0.32,-0.27,5.8,4.5,102.2,99.5,0.233,0.258,0.404,0.413,0.593,0.61
2021,Conference Semifinals,Los Angeles Clippers,Utah Jazz,6.02,8.97,117.6,117.6,111.2,108.3,Los Angeles Clippers,28.8,28.5,47,52,25,20,49,55,23,17,6.18,9.25,-0.16,-0.29,6.4,9.3,96.9,98.5,0.222,0.244,0.4,0.488,0.599,0.597
2021,Conference Semifinals,Phoenix Suns,Denver Nuggets,5.67,4.82,117.2,117.1,111.3,112.1,Phoenix Suns,26.6,26.1,51,47,21,25,49,47,23,25,5.82,4.93,-0.15,-0.11,5.9,5.0,97.2,97.1,0.212,0.219,0.392,0.383,0.597,0.588
2021,Conference Finals,Milwaukee Bucks,Atlanta Hawks,5.57,2.14,117.2,115.7,111.4,113.3,Milwaukee Bucks,28.1,25.4,46,41,26,31,48,41,24,31,5.89,2.32,-0.32,-0.18,5.8,2.4,102.2,97.6,0.233,0.278,0.404,0.382,0.593,0.581
2021,Conference Finals,Phoenix Suns,Los Angeles Clippers,5.67,6.02,117.2,117.6,111.3,111.2,Phoenix Suns,26.6,28.8,51,47,21,25,49,49,23,23,5.82,6.18,-0.15,-0.16,5.9,6.4,97.2,96.9,0.212,0.222,0.392,0.4,0.597,0.599
2021,NBA Finals,Milwaukee Bucks,Phoenix Suns,5.57,5.67,117.2,117.2,111.4,111.3,Milwaukee Bucks,28.1,26.6,46,51,26,21,48,49,24,23,5.89,5.82,-0.32,-0.15,5.8,5.9,102.2,97.2,0.233,0.212,0.404,0.392,0.593,0.597
2022,First Round,Boston Celtics,Brooklyn Nets,7.02,0.82,114.4,113.6,106.9,112.8,Boston Celtics,26.1,29.1,51,44,31,38,59,43,23,39,7.28,0.78,-0.26,0.04,7.5,0.8,96.6,99.0,0.239,0.246,0.425,0.359,0.578,0.576
2022,First Round,Miami Heat,Atlanta Hawks,4.23,1.55,113.7,116.5,109.1,114.9,Miami Heat,28.2,26.1,53,43,29,39,53,45,29,37,4.45,1.56,-0.22,-0.01,4.6,1.6,95.9,97.7,0.252,0.253,0.422,0.39,0.584,0.581
2022,First Round,Milwaukee Bucks,Chicago Bulls,3.22,-0.38,115.1,113.2,111.8,113.6,Milwaukee Bucks,28.5,26.3,51,46,31,36,49,40,33,42,3.35,-0.39,-0.14,0.02,3.3,-0.4,99.9,98.3,0.257,0.248,0.43,0.332,0.58,0.579
2022,First Round,Philadelphia 76ers,Toronto Raptors,2.57,2.38,113.5,112.9,110.8,110.5,Philadelphia 76ers,26.8,24.8,51,48,31,34,48,47,34,35,2.61,2.29,-0.04,0.08,2.7,2.4,96.2,96.0,0.282,0.234,0.376,0.375,0.578,0.543
2022,First Round,Dallas Mavericks,Utah Jazz,3.12,5.67,112.8,116.7,109.4,110.5,Dallas Mavericks,26.7,29.3,52,49,30,33,50,56,32,26,3.3,6.04,-0.18,-0.37,3.4,6.2,95.4,97.1,0.249,0.271,0.439,0.468,0.572,0.589
2022,First Round,Golden State Warriors,Denver Nuggets,5.52,2.16,112.5,114.5,106.9,112.1,Golden State Warriors,27.6,27.7,53,48,29,34,55,47,27,35,5.54,2.3,-0.02,-0.15,5.6,2.4,98.4,97.8,0.235,0.244,0.456,0.416,0.582,0.59
2022,First Round,Memphis Grizzlies,Minnesota Timberwolves,5.37,2.53,114.6,114.3,109.0,111.7,Memphis Grizzlies,24.0,24.2,56,46,26,36,55,48,27,34,5.68,2.63,-0.32,-0.1,5.6,2.6,100.3,100.9,0.245,0.254,0.346,0.454,0.553,0.573
2022,First Round,Phoenix Suns,New Orleans Pelicans,6.94,-0.84,114.8,112.0,107.3,113.0,Phoenix Suns,27.5,25.6,64,36,18,46,59,38,23,44,7.5,-0.99,-0.56,0.15,7.5,-1.0,99.8,97.2,0.221,0.264,0.354,0.365,0.581,0.557
2022,Conference Semifinals,Boston Celtics,Milwaukee Bucks,7.02,3.22,114.4,115.1,106.9,111.8,Boston Celtics,26.1,28.5,51,51,31,31,59,49,23,33,7.28,3.35,-0.26,-0.14,7.5,3.3,96.6,99.9,0.239,0.257,0.425,0.43,0.578,0.58
2022,Conference Semifinals,Miami Heat,Philadelphia 76ers,4.23,2.57,113.7,113.5,109.1,110.8,Miami Heat,28.2,26.8,53,51,29,31,53,48,29,34,4.45,2.61,-0.22,-0.04,4.6,2.7,95.9,96.2,0.252,0.282,0.422,0.376,0.584,0.578
2022,Conference Semifinals,Dallas Mavericks,Phoenix Suns,3.12,6.94,112.8,114.8,109.4,107.3,Dallas Mavericks,26.7,27.5,52,64,30,18,50,59,32,23,3.3,7.5,-0.18,-0.56,3.4,7.5,95.4,99.8,0.249,0.221,0.439,0.354,0.572,0.581
2022,Conference Semifinals,Golden State Warriors,Memphis Grizzlies,5.52,5.37,112.5,114.6,106.9,109.0,Golden State Warriors,27.6,24.0,53,56,29,26,55,55,27,27,5.54,5.68,-0.02,-0.32,5.6,5.6,98.4,100.3,0.235,0.245,0.456,0.346,0.582,0.553
2022,Conference Finals,Boston Celtics,Miami Heat,7.02,4.23,114.4,113.7,106.9,109.1,Boston Celtics,26.1,28.2,51,53,31,29,59,53,23,29,7.28,4.45,-0.26,-0.22,7.5,4.6,96.6,95.9,0.239,0.252,0.425,0.422,0.578,0.584
2022,Conference Finals,Golden State Warriors,Dallas Mavericks,5.52,3.12,112.5,112.8,106.9,109.4,Golden State Warriors,27.6,26.7,53,52,29,30,55,50,27,32,5.54,3.3,-0.02,-0.18,5.6,3.4,98.4,95.4,0.235,0.249,0.456,0.439,0.582,0.572
2022,NBA Finals,Golden State Warriors,Boston Celtics,5.52,7.02,112.5,114.4,106.9,106.9,Golden State Warriors,27.6,26.1,53,51,29,31,55,59,27,23,5.54,7.28,-0.02,-0.26,5.6,7.5,98.4,96.6,0.235,0.239,0.456,0.425,0.582,0.578
2023,First Round,Boston Celtics,Atlanta Hawks,6.38,0.32,118.0,116.6,111.5,116.3,Boston Celtics,27.4,24.9,57,41,25,41,57,42,25,40,6.52,0.29,-0.15,0.02,6.5,0.3,98.5,100.7,0.243,0.244,0.48,0.331,0.6,0.579
2023,First Round,Miami Heat,Milwaukee Bucks,-0.13,3.61,113.0,115.4,113.3,111.9,Miami Heat,27.7,29.8,44,58,38,24,40,50,42,32,-0.32,3.63,0.18,-0.02,-0.3,3.5,96.3,100.5,0.27,0.248,0.408,0.446,0.574,0.583
2023,First Round,New York Knicks,Cleveland Cavaliers,2.99,5.23,117.8,116.1,114.8,110.6,New York Knicks,24.5,25.4,47,51,35,31,48,55,34,27,2.93,5.38,0.06,-0.15,3.0,5.5,97.1,95.7,0.285,0.264,0.4,0.371,0.577,0.59
2023,First Round,Philadelphia 76ers,Brooklyn Nets,4.37,1.03,117.7,115.0,113.3,114.1,Philadelphia 76ers,28.2,28.0,54,45,28,37,52,43,30,39,4.32,0.85,0.06,0.18,4.4,0.9,96.9,98.3,0.3,0.26,0.389,0.397,0.608,0.598
2023,First Round,Denver Nuggets,Minnesota Timberwolves,3.04,-0.22,117.6,113.7,114.2,113.8,Denver Nuggets,26.6,25.8,53,42,29,40,49,41,33,41,3.33,-0.04,-0.29,-0.18,3.4,-0.1,98.1,101.0,0.259,0.271,0.361,0.381,0.601,0.592
2023,First Round,Golden State Warriors,Sacramento Kings,1.66,2.3,116.1,119.4,114.4,116.8,Golden State Warriors,27.3,25.4,44,48,38,34,45,47,37,35,1.8,2.65,-0.15,-0.35,1.7,2.6,101.6,100.3,0.224,0.284,0.479,0.423,0.6,0.608
2023,First Round,Los Angeles Lakers,Memphis Grizzlies,0.43,3.6,114.5,115.1,113.9,111.2,Los Angeles Lakers,27.9,24.4,43,51,39,31,42,51,40,31,0.57,3.94,-0.15,-0.34,0.6,3.9,101.3,101.1,0.299,0.259,0.351,0.372,0.582,0.57
2023,First Round,Phoenix Suns,Los Angeles Clippers,2.08,0.31,115.1,115.0,113.0,114.5,Phoenix Suns,28.1,29.7,45,44,37,38,46,42,36,40,2.07,0.5,0.01,-0.19,2.1,0.5,98.2,98.0,0.241,0.278,0.362,0.387,0.57,0.588
2023,Conference Semifinals,Boston Celtics,Philadelphia 76ers,6.38,4.37,118.0,117.7,111.5,113.3,Boston Celtics,27.4,28.2,57,54,25,28,57,52,25,30,6.52,4.32,-0.15,0.06,6.5,4.4,98.5,96.9,0.243,0.3,0.48,0.389,0.6,0.608
2023,Conference Semifinals,Miami Heat,New York Knicks,-0.13,2.99,113.0,117.8,113.3,114.8,Miami Heat,27.7,24.5,44,47,38,35,40,48,42,34,-0.32,2.93,0.18,0.06,-0.3,3.0,96.3,97.1,0.27,0.285,0.408,0.4,0.574,0.577
2023,Conference Semifinals,Denver Nuggets,Phoenix Suns,3.04,2.08,117.6,115.1,114.2,113.0,Denver Nuggets,26.6,28.1,53,45,29,37,49,46,33,36,3.33,2.07,-0.29,0.01,3.4,2.1,98.1,98.2,0.259,0.241,0.361,0.362,0.601,0.57
2023,Conference Semifinals,Los Angeles Lakers,Golden State Warriors,0.43,1.66,114.5,116.1,113.9,114.4,Los Angeles Lakers,27.9,27.3,43,44,39,38,42,45,40,37,0.57,1.8,-0.15,-0.15,0.6,1.7,101.3,101.6,0.299,0.224,0.351,0.479,0.582,0.6
2023,Conference Finals,Miami Heat,Boston Celtics,-0.13,6.38,113.0,118.0,113.3,111.5,Miami Heat,27.7,27.4,44,57,38,25,40,57,42,25,-0.32,6.52,0.18,-0.15,-0.3,6.5,96.3,98.5,0.27,0.243,0.408,0.48,0.574,0.6
2023,Conference Finals,Denver Nuggets,Los Angeles Lakers,3.04,0.43,117.6,114.5,114.2,113.9,Denver Nuggets,26.6,27.9,53,43,29,39,49,42,33,40,3.33,0.57,-0.29,-0.15,3.4,0.6,98.1,101.3,0.259,0.299,0.361,0.351,0.601,0.582
2023,NBA Finals,Denver Nuggets,Miami Heat,3.04,-0.13,117.6,113.0,114.2,113.3,Denver Nuggets,26.6,27.7,53,44,29,38,49,40,33,42,3.33,-0.32,-0.29,0.18,3.4,-0.3,98.1,96.3,0.259,0.27,0.361,0.408,0.601,0.574
2024,First Round,Boston Celtics,Miami Heat,10.75,1.1,123.2,114.0,111.6,112.2,Boston Celtics,28.2,28.0,64,46,18,36,66,46,16,36,11.34,1.76,-0.6,-0.66,11.6,1.8,97.2,96.2,0.224,0.257,0.471,0.394,0.609,0.578
2024,First Round,Cleveland Cavaliers,Orlando Magic,1.98,1.48,115.2,113.4,112.7,111.3,Cleveland Cavaliers,26.2,24.0,48,47,34,35,47,46,35,36,2.41,2.02,-0.44,-0.55,2.5,2.1,97.2,96.9,0.234,0.287,0.422,0.369,0.586,0.577
2024,First Round,Indiana Pacers,Milwaukee Bucks,2.75,2.44,121.0,118.4,118.0,115.8,Indiana Pacers,25.3,30.2,47,49,35,33,48,47,34,35,3.05,2.62,-0.3,-0.18,3.0,2.6,101.7,99.9,0.222,0.27,0.38,0.43,0.606,0.601
2024,First Round,New York Knicks,Philadelphia 76ers,4.36,2.51,118.2,116.9,113.4,113.8,New York Knicks,26.4,28.4,50,47,32,35,53,49,29,33,4.59,3.05,-0.23,-0.54,4.8,3.1,95.2,97.5,0.246,0.264,0.404,0.373,0.574,0.574
2024,First Round,Dallas Mavericks,Los Angeles Clippers,2.3,3.41,117.6,118.8,115.4,115.4,Dallas Mavericks,26.5,30.4,50,51,32,31,46,49,36,33,2.21,3.28,0.09,0.13,2.2,3.4,100.1,97.2,0.251,0.256,0.441,0.383,0.592,0.599
2024,First Round,Denver Nuggets,Los Angeles Lakers,5.23,1.07,118.5,115.9,113.0,115.3,Denver Nuggets,27.1,28.0,57,47,25,35,54,42,28,40,5.26,0.6,-0.03,0.48,5.5,0.6,96.8,100.9,0.224,0.276,0.352,0.358,0.589,0.601
2024,First Round,Minnesota Timberwolves,Phoenix Suns,6.39,3.08,115.6,117.6,109.0,114.6,Minnesota Timberwolves,27.2,29.3,56,49,26,33,57,49,25,33,6.45,3.06,-0.07,0.02,6.6,3.0,97.1,98.3,0.27,0.271,0.384,0.378,0.594,0.603
2024,First Round,Oklahoma City Thunder,New Orleans Pelicans,7.36,4.46,119.5,117.4,112.1,112.9,Oklahoma City Thunder,23.4,26.0,57,49,25,33,58,52,24,30,7.41,4.41,-0.05,0.05,7.4,4.5,99.8,97.9,0.24,0.261,0.383,0.373,0.608,0.591
2024,Conference Semifinals,Boston Celtics,Cleveland Cavaliers,10.75,1.98,123.2,115.2,111.6,112.7,Boston Celtics,28.2,26.2,64,48,18,34,66,47,16,35,11.34,2.41,-0.6,-0.44,11.6,2.5,97.2,97.2,0.224,0.234,0.471,0.422,0.609,0.586
2024,Conference Semifinals,Indiana Pacers,New York Knicks,2.75,4.36,121.0,118.2,118.0,113.4,Indiana Pacers,25.3,26.4,47,50,35,32,48,53,34,29,3.05,4.59,-0.3,-0.23,3.0,4.8,101.7,95.2,0.222,0.246,0.38,0.404,0.606,0.574
2024,Conference Semifinals,Dallas Mavericks,Oklahoma City Thunder,2.3,7.36,117.6,119.5,115.4,112.1,Dallas Mavericks,26.5,23.4,50,57,32,25,46,58,36,24,2.21,7.41,0.09,-0.05,2.2,7.4,100.1,99.8,0.251,0.24,0.441,0.383,0.592,0.608
2024,Conference Semifinals,Minnesota Timberwolves,Denver Nuggets,6.39,5.23,115.6,118.5,109.0,113.0,Minnesota Timberwolves,27.2,27.1,56,57,26,25,57,54,25,28,6.45,5.26,-0.07,-0.03,6.6,5.5,97.1,96.8,0.27,0.224,0.384,0.352,0.594,0.589
2024,Conference Finals,Boston Celtics,Indiana Pacers,10.75,2.75,123.2,121.0,111.6,118.0,Boston Celtics,28.2,25.3,64,47,18,35,66,48,16,34,11.34,3.05,-0.6,-0.3,11.6,3.0,97.2,101.7,0.224,0.222,0.471,0.38,0.609,0.606
2024,Conference Finals,Dallas Mavericks,Minnesota Timberwolves,2.3,6.39,117.6,115.6,115.4,109.0,Dallas Mavericks,26.5,27.2,50,56,32,26,46,57,36,25,2.21,6.45,0.09,-0.07,2.2,6.6,100.1,97.1,0.251,0.27,0.441,0.384,0.592,0.594
2024,NBA Finals,Boston Celtics,Dallas Mavericks,10.75,2.3,123.2,117.6,111.6,115.4,Boston Celtics,28.2,26.5,64,50,18,32,66,46,16,36,11.34,2.21,-0.6,0.09,11.6,2.2,97.2,100.1,0.224,0.251,0.471,0.441,0.609,0.592